{
 "cells": {
  "p1-up": {
   "x": 256.3051784394054,
   "y": 50.47087044197528,
   "w": 239.91381416094185,
   "h": 206.98793388497123,
   "planeW": 48.888888888888886,
   "planeH": 42.22222222222222,
   "feetFrac": 0.8947368421052632,
   "sheet": "birds-sheet1"
  },
  "p1-down": {
   "x": 514.1527085529539,
   "y": 50.064526656796176,
   "w": 238.66596651621865,
   "h": 207.29197824812317,
   "planeW": 48.888888888888886,
   "planeH": 42.22222222222222,
   "feetFrac": 0.8947368421052632,
   "sheet": "birds-sheet1"
  },
  "p1-stand": {
   "x": 772.7572635263073,
   "y": 49.65698987067232,
   "w": 237.40978146122632,
   "h": 207.5969171305826,
   "planeW": 48.888888888888886,
   "planeH": 42.22222222222222,
   "feetFrac": 0.8947368421052632,
   "sheet": "birds-sheet1"
  },
  "p2-up": {
   "x": 259.26716282679865,
   "y": 262.96076991872854,
   "w": 238.0549535580106,
   "h": 204.0955170448367,
   "planeW": 48.888888888888886,
   "planeH": 42.22222222222222,
   "feetFrac": 0.8947368421052632,
   "sheet": "birds-sheet1"
  },
  "p2-down": {
   "x": 515.1256168707482,
   "y": 262.8666311373644,
   "w": 236.82623393274503,
   "h": 204.39112499510918,
   "planeW": 48.888888888888886,
   "planeH": 42.22222222222222,
   "feetFrac": 0.8947368421052632,
   "sheet": "birds-sheet1"
  },
  "p2-stand": {
   "x": 771.7294401980773,
   "y": 262.7722181100064,
   "w": 235.58936818403777,
   "h": 204.68759050006753,
   "planeW": 48.888888888888886,
   "planeH": 42.22222222222222,
   "feetFrac": 0.8947368421052632,
   "sheet": "birds-sheet1"
  },
  "bounder-up": {
   "x": 257.7548280383995,
   "y": 50.3015033888269,
   "w": 240.1044083908739,
   "h": 207.14043981680163,
   "planeW": 48.888888888888886,
   "planeH": 42.22222222222222,
   "feetFrac": 0.8947368421052632,
   "sheet": "birds-sheet2"
  },
  "bounder-down": {
   "x": 515.8136631546213,
   "y": 50.0062012147297,
   "w": 238.66459297084737,
   "h": 207.36145322759694,
   "planeW": 48.888888888888886,
   "planeH": 42.22222222222222,
   "feetFrac": 0.8947368421052632,
   "sheet": "birds-sheet2"
  },
  "bounder-stand": {
   "x": 774.4225449353264,
   "y": 49.71026961061967,
   "w": 237.21811475943537,
   "h": 207.58293876394657,
   "planeW": 48.888888888888886,
   "planeH": 42.22222222222222,
   "feetFrac": 0.8947368421052632,
   "sheet": "birds-sheet2"
  },
  "hunter-up": {
   "x": 260.70742777970577,
   "y": 262.9213696412569,
   "w": 238.24261178563415,
   "h": 204.1674768452395,
   "planeW": 48.888888888888886,
   "planeH": 42.22222222222222,
   "feetFrac": 0.8947368421052632,
   "sheet": "birds-sheet2"
  },
  "hunter-down": {
   "x": 516.7739366012343,
   "y": 262.8529566150756,
   "w": 236.82487937543726,
   "h": 204.38219456152603,
   "planeW": 48.888888888888886,
   "planeH": 42.22222222222222,
   "feetFrac": 0.8947368421052632,
   "sheet": "birds-sheet2"
  },
  "hunter-stand": {
   "x": 773.3820206146263,
   "y": 262.7843988968064,
   "w": 235.40063704566592,
   "h": 204.597364383743,
   "planeW": 48.888888888888886,
   "planeH": 42.22222222222222,
   "feetFrac": 0.8947368421052632,
   "sheet": "birds-sheet2"
  },
  "shadow-up": {
   "x": 263.614763265231,
   "y": 472.2817084082697,
   "w": 236.40946506116,
   "h": 201.26084163611,
   "planeW": 48.888888888888886,
   "planeH": 42.22222222222222,
   "feetFrac": 0.8947368421052632,
   "sheet": "birds-sheet2"
  },
  "shadow-down": {
   "x": 517.7194733308058,
   "y": 472.43328575055057,
   "w": 235.01331148494353,
   "h": 201.46947331863385,
   "planeW": 48.888888888888886,
   "planeH": 42.22222222222222,
   "feetFrac": 0.8947368421052632,
   "sheet": "birds-sheet2"
  },
  "shadow-stand": {
   "x": 772.357481327602,
   "y": 472.58518121319605,
   "w": 233.61079621981207,
   "h": 201.67853797206044,
   "planeW": 48.888888888888886,
   "planeH": 42.22222222222222,
   "feetFrac": 0.8947368421052632,
   "sheet": "birds-sheet2"
  },
  "ptero-up": {
   "x": 156.5217081283734,
   "y": -15.1618432567117,
   "w": 435.5399834708921,
   "h": 337.4542592270997,
   "planeW": 103.2258064516129,
   "planeH": 80,
   "feetFrac": 0.7096774193548387,
   "sheet": "birds-sheet3"
  },
  "ptero-down": {
   "x": 605.1010984713087,
   "y": -16.24110446252847,
   "w": 432.73470595903314,
   "h": 338.5167053513227,
   "planeW": 103.2258064516129,
   "planeH": 80,
   "feetFrac": 0.7096774193548387,
   "sheet": "birds-sheet3"
  },
  "ptero-up-open": {
   "x": 162.7175245196616,
   "y": 338.428577684889,
   "w": 429.9528884816427,
   "h": 329.9390643103021,
   "planeW": 103.2258064516129,
   "planeH": 80,
   "feetFrac": 0.7096774193548387,
   "sheet": "birds-sheet3"
  },
  "ptero-down-open": {
   "x": 605.5497206986531,
   "y": 338.4619660775309,
   "w": 427.2188040695953,
   "h": 330.954642793082,
   "planeW": 103.2258064516129,
   "planeH": 80,
   "feetFrac": 0.7096774193548387,
   "sheet": "birds-sheet3"
  }
 },
 "view": {
  "w": 1280,
  "h": 720
 }
}