{
 "cells": {
  "p1-f0": {
   "x": 264.25432212474755,
   "y": 16.42576782514887,
   "w": 241.254689689791,
   "h": 208.3690215600583,
   "planeW": 48.888888888888886,
   "planeH": 42.22222222222222,
   "feetFrac": 0.8947368421052632,
   "sheet": "pup-p1"
  },
  "p1-f1": {
   "x": 523.5788359766846,
   "y": 16.68788327982025,
   "w": 238.89584976286835,
   "h": 208.19282964555106,
   "planeW": 48.888888888888886,
   "planeH": 42.22222222222222,
   "feetFrac": 0.8947368421052632,
   "sheet": "pup-p1"
  },
  "p1-f2": {
   "x": 782.4669541370275,
   "y": 16.949557642157377,
   "w": 236.54457375822744,
   "h": 208.01693543168233,
   "planeW": 48.888888888888886,
   "planeH": 42.22222222222222,
   "feetFrac": 0.8947368421052632,
   "sheet": "pup-p1"
  },
  "p1-f3": {
   "x": 267.3164826181835,
   "y": 241.02495056816957,
   "w": 239.27951902827857,
   "h": 204.83000403961103,
   "planeW": 48.888888888888886,
   "planeH": 42.22222222222222,
   "feetFrac": 0.8947368421052632,
   "sheet": "pup-p1"
  },
  "p1-f4": {
   "x": 524.5268243093531,
   "y": 241.0973329916349,
   "w": 236.95881033939713,
   "h": 204.65973225439242,
   "planeW": 48.888888888888886,
   "planeH": 42.22222222222222,
   "feetFrac": 0.8947368421052632,
   "sheet": "pup-p1"
  },
  "p1-f5": {
   "x": 781.307849622955,
   "y": 241.16959459974098,
   "w": 234.6454830493435,
   "h": 204.48974332700337,
   "planeW": 48.888888888888886,
   "planeH": 42.22222222222222,
   "feetFrac": 0.8947368421052632,
   "sheet": "pup-p1"
  },
  "p1-f6": {
   "x": 270.32913607434193,
   "y": 461.99295848009126,
   "w": 237.33642562802873,
   "h": 201.37748314582052,
   "planeW": 48.888888888888886,
   "planeH": 42.22222222222222,
   "feetFrac": 0.8947368421052632,
   "sheet": "pup-p1"
  },
  "p1-f7": {
   "x": 525.4594988758262,
   "y": 461.88168128971284,
   "w": 235.05293098785194,
   "h": 201.21291584590875,
   "planeW": 48.888888888888886,
   "planeH": 42.22222222222222,
   "feetFrac": 0.8947368421052632,
   "sheet": "pup-p1"
  },
  "p2-f0": {
   "x": 262.1313938932649,
   "y": 16.684729978338645,
   "w": 241.00140642177007,
   "h": 208.14015677212205,
   "planeW": 48.888888888888886,
   "planeH": 42.22222222222222,
   "feetFrac": 0.8947368421052632,
   "sheet": "pup-p2"
  },
  "p2-f1": {
   "x": 521.1743557723572,
   "y": 16.7665510305659,
   "w": 238.9206664219339,
   "h": 208.08518610427998,
   "planeW": 48.888888888888886,
   "planeH": 42.22222222222222,
   "feetFrac": 0.8947368421052632,
   "sheet": "pup-p2"
  },
  "p2-f2": {
   "x": 780.0810495808884,
   "y": 16.848329041296154,
   "w": 236.84207364972337,
   "h": 208.03024446343832,
   "planeW": 48.888888888888886,
   "planeH": 42.22222222222222,
   "feetFrac": 0.8947368421052632,
   "sheet": "pup-p2"
  },
  "p2-f3": {
   "x": 265.2083255574419,
   "y": 241.09636692222665,
   "w": 239.03035190080175,
   "h": 204.72400472941757,
   "planeW": 48.888888888888886,
   "planeH": 42.22222222222222,
   "feetFrac": 0.8947368421052632,
   "sheet": "pup-p2"
  },
  "p2-f4": {
   "x": 522.1416840271166,
   "y": 241.11896176712426,
   "w": 236.98323027178049,
   "h": 204.670820280147,
   "planeW": 48.888888888888886,
   "planeH": 42.22222222222222,
   "feetFrac": 0.8947368421052632,
   "sheet": "pup-p2"
  },
  "p2-f5": {
   "x": 778.9409841723202,
   "y": 241.14154482286736,
   "w": 234.93820405512815,
   "h": 204.61766345726605,
   "planeW": 48.888888888888886,
   "planeH": 42.22222222222222,
   "feetFrac": 0.8947368421052632,
   "sheet": "pup-p2"
  },
  "p2-f6": {
   "x": 268.23555190929835,
   "y": 461.88281757012663,
   "w": 237.09127511393393,
   "h": 201.3904078966537,
   "planeW": 48.888888888888886,
   "planeH": 42.22222222222222,
   "feetFrac": 0.8947368421052632,
   "sheet": "pup-p2"
  },
  "p2-f7": {
   "x": 523.0933899305298,
   "y": 461.8480810629309,
   "w": 235.0769636305737,
   "h": 201.33894531110298,
   "planeW": 48.888888888888886,
   "planeH": 42.22222222222222,
   "feetFrac": 0.8947368421052632,
   "sheet": "pup-p2"
  },
  "bounder-f0": {
   "x": 262.1663954966089,
   "y": 16.680412873135083,
   "w": 241.00564940587725,
   "h": 208.14396262607573,
   "planeW": 48.888888888888886,
   "planeH": 42.22222222222222,
   "feetFrac": 0.8947368421052632,
   "sheet": "pup-bounder"
  },
  "bounder-f1": {
   "x": 521.2140718116444,
   "y": 16.765210958689035,
   "w": 238.92031524261085,
   "h": 208.08699137432896,
   "planeW": 48.888888888888886,
   "planeH": 42.22222222222222,
   "feetFrac": 0.8947368421052632,
   "sheet": "pup-bounder"
  },
  "bounder-f2": {
   "x": 780.1205227267803,
   "y": 16.84996281474696,
   "w": 236.83721010232716,
   "h": 208.03005129995415,
   "planeW": 48.888888888888886,
   "planeH": 42.22222222222222,
   "feetFrac": 0.8947368421052632,
   "sheet": "pup-bounder"
  },
  "bounder-f3": {
   "x": 265.2430844162633,
   "y": 241.09517552201967,
   "w": 239.0345259614694,
   "h": 204.72578093609494,
   "planeW": 48.888888888888886,
   "planeH": 42.22222222222222,
   "feetFrac": 0.8947368421052632,
   "sheet": "pup-bounder"
  },
  "bounder-f4": {
   "x": 522.181080853669,
   "y": 241.11859246980617,
   "w": 236.98288469907834,
   "h": 204.67066195298025,
   "planeW": 48.888888888888886,
   "planeH": 42.22222222222222,
   "feetFrac": 0.8947368421052632,
   "sheet": "pup-bounder"
  },
  "bounder-f5": {
   "x": 778.9801420407675,
   "y": 241.14199675524006,
   "w": 234.93341867059598,
   "h": 204.61557264203768,
   "planeW": 48.888888888888886,
   "planeH": 42.22222222222222,
   "feetFrac": 0.8947368421052632,
   "sheet": "pup-bounder"
  },
  "bounder-f6": {
   "x": 268.27007126762624,
   "y": 461.8846519784838,
   "w": 237.09538191699812,
   "h": 201.39021953627764,
   "planeW": 48.888888888888886,
   "planeH": 42.22222222222222,
   "feetFrac": 0.8947368421052632,
   "sheet": "pup-bounder"
  },
  "bounder-f7": {
   "x": 523.1324726338712,
   "y": 461.84865160491074,
   "w": 235.0766235313066,
   "h": 201.3368860746872,
   "planeW": 48.888888888888886,
   "planeH": 42.22222222222222,
   "feetFrac": 0.8947368421052632,
   "sheet": "pup-bounder"
  },
  "hunter-f0": {
   "x": 264.81242516794,
   "y": 16.358655511084503,
   "w": 241.3199113875578,
   "h": 208.42852722876384,
   "planeW": 48.888888888888886,
   "planeH": 42.22222222222222,
   "feetFrac": 0.8947368421052632,
   "sheet": "pup-hunter"
  },
  "hunter-f1": {
   "x": 524.2094828835376,
   "y": 16.668078036976123,
   "w": 238.88814621414497,
   "h": 208.22050736467628,
   "planeW": 48.888888888888886,
   "planeH": 42.22222222222222,
   "feetFrac": 0.8947368421052632,
   "sheet": "pup-hunter"
  },
  "hunter-f2": {
   "x": 783.0914286083557,
   "y": 16.976886110048717,
   "w": 236.46552171403562,
   "h": 208.01290228893987,
   "planeW": 48.888888888888886,
   "planeH": 42.22222222222222,
   "feetFrac": 0.8947368421052632,
   "sheet": "pup-hunter"
  },
  "hunter-f3": {
   "x": 267.8706863108548,
   "y": 241.0064593300838,
   "w": 239.34368021187674,
   "h": 204.85728928877919,
   "planeW": 48.888888888888886,
   "planeH": 42.22222222222222,
   "feetFrac": 0.8947368421052632,
   "sheet": "pup-hunter"
  },
  "hunter-f4": {
   "x": 525.1523940438146,
   "y": 241.09190527204143,
   "w": 236.9512300915428,
   "h": 204.6563192164983,
   "planeW": 48.888888888888886,
   "planeH": 42.22222222222222,
   "feetFrac": 0.8947368421052632,
   "sheet": "pup-hunter"
  },
  "hunter-f5": {
   "x": 781.92734684009,
   "y": 241.1771829153925,
   "w": 234.56770007470277,
   "h": 204.4557430778181,
   "planeW": 48.888888888888886,
   "planeH": 42.22222222222222,
   "feetFrac": 0.8947368421052632,
   "sheet": "pup-hunter"
  },
  "hunter-f6": {
   "x": 270.8794930496299,
   "y": 462.0215376361113,
   "w": 237.39955195445367,
   "h": 201.37358215570072,
   "planeW": 48.888888888888886,
   "planeH": 42.22222222222222,
   "feetFrac": 0.8947368421052632,
   "sheet": "pup-hunter"
  },
  "hunter-f7": {
   "x": 526.0800725244849,
   "y": 461.8901775233128,
   "w": 235.04547110425506,
   "h": 201.17940437998266,